,precision,recall,f1-score,support
No Purchase,0.9536494405966969,0.86977648202138,0.9097839898348158,2058.0
Purchase,0.5449915110356537,0.7867647058823529,0.6439317953861585,408.0
accuracy,0.8560421735604218,0.8560421735604218,0.8560421735604218,0.8560421735604218
macro avg,0.7493204758161753,0.8282705939518664,0.7768578926104872,2466.0
weighted avg,0.8860369364357457,0.8560421735604218,0.8657987119211693,2466.0
