,precision,recall,f1-score,support
No Purchase,0.9541577825159915,0.86977648202138,0.9100152516522624,2058.0
Purchase,0.5457627118644067,0.7892156862745098,0.6452905811623246,408.0
accuracy,0.8564476885644768,0.8564476885644768,0.8564476885644768,0.8564476885644768
macro avg,0.7499602471901992,0.8294960841479448,0.7776529164072935,2466.0
weighted avg,0.8865887683935881,0.8564476885644768,0.8662165227147544,2466.0
