,precision,recall,f1-score,support
No Purchase,0.9547149706979222,0.8707482993197279,0.9108005082592121,2058.0
Purchase,0.5483870967741935,0.7916666666666666,0.6479438314944834,408.0
accuracy,0.8576642335766423,0.8576642335766423,0.8576642335766423,0.8576642335766423
macro avg,0.7515510337360578,0.8312074829931972,0.7793721698768478,2466.0
weighted avg,0.8874879745256266,0.8576642335766423,0.8673108391107899,2466.0
